filename,width,height,class,xmin,ymin,xmax,ymax
dbf1872cb70cefda_jpg.rf.b1d3f4b1b22873ace7cf300b8e006a50.jpg,640,640,Pancake,216,360,247,378
dbf1872cb70cefda_jpg.rf.b1d3f4b1b22873ace7cf300b8e006a50.jpg,640,640,Pancake,226,374,249,388
dbf1872cb70cefda_jpg.rf.b1d3f4b1b22873ace7cf300b8e006a50.jpg,640,640,Pancake,248,364,269,385
dbf1872cb70cefda_jpg.rf.b1d3f4b1b22873ace7cf300b8e006a50.jpg,640,640,Pancake,327,258,340,284
dbf1872cb70cefda_jpg.rf.b1d3f4b1b22873ace7cf300b8e006a50.jpg,640,640,Pancake,408,300,434,311
dbf1872cb70cefda_jpg.rf.b1d3f4b1b22873ace7cf300b8e006a50.jpg,640,640,Pancake,483,354,514,373
1484ee7177212ba5_jpg.rf.61373c1eb5a04cb87b0d135c5b7821fa.jpg,640,640,Pancake,97,90,521,492
63a06bab326962e5_jpg.rf.13490457258637afaa34ac4e80b648fb.jpg,640,640,Pancake,297,347,501,586
63a06bab326962e5_jpg.rf.13490457258637afaa34ac4e80b648fb.jpg,640,640,Pancake,45,320,222,567
63a06bab326962e5_jpg.rf.13490457258637afaa34ac4e80b648fb.jpg,640,640,Pancake,599,337,640,573
024c478eae78d487_jpg.rf.d88e9235bab09e821dfd8db9ffe7380e.jpg,640,640,Pancake,203,240,398,472
8e233716eb4ad69f_jpg.rf.be7c0c81b8b5d403547531cbacef6bd8.jpg,640,640,Pancake,193,114,636,640
8f779295bc8e6742_jpg.rf.5d643d03177a06a1f24d9776a1e98ee7.jpg,640,640,Pancake,46,459,615,593
8f779295bc8e6742_jpg.rf.5d643d03177a06a1f24d9776a1e98ee7.jpg,640,640,Pancake,56,341,604,496
8f779295bc8e6742_jpg.rf.5d643d03177a06a1f24d9776a1e98ee7.jpg,640,640,Pancake,75,451,614,549
2aa2c1204cf96428_jpg.rf.c31faa643d951fb737fa12e1875451bd.jpg,640,640,Pancake,83,109,595,512
f87661818af1d910_jpg.rf.66bb155860693f939482f80d9f761f60.jpg,640,640,Pancake,163,210,417,496
f87661818af1d910_jpg.rf.66bb155860693f939482f80d9f761f60.jpg,640,640,Pancake,165,301,434,603
169536faf0d48b35_jpg.rf.22d704c745b0586cdf69a2ae73883790.jpg,640,640,Pancake,115,300,527,448
5e5409b4fdbf5e7d_jpg.rf.f344c2aead848aa48d75c22969b29b9e.jpg,640,640,Pancake,170,260,447,511
6126daf53dd18f21_jpg.rf.f61cc3e585074577b057dfcee5b54aa3.jpg,640,640,Pancake,471,1,638,158
1dea8854456069c5_jpg.rf.bdf8f95e73360734ef3a9385c3be6e92.jpg,640,640,Pancake,0,372,578,640
1dea8854456069c5_jpg.rf.bdf8f95e73360734ef3a9385c3be6e92.jpg,640,640,Pancake,13,111,578,563
4dac5000388b7ede_jpg.rf.ae8196f5a9562ecc9e894ed236cbeaa0.jpg,640,640,Pancake,0,372,271,624
2d58e897307feecb_jpg.rf.50566b5e9023d18fa0906f1170e47be2.jpg,640,640,Pancake,169,261,468,430
758631b4dddbb305_jpg.rf.bee36b7a28378aea3f27dfd9a69dfcd7.jpg,640,640,Pancake,139,40,634,600
0d5b3a71b8633307_jpg.rf.91bba59231192798e04ab71509910bc7.jpg,640,640,Pancake,73,245,229,407
0d5b3a71b8633307_jpg.rf.91bba59231192798e04ab71509910bc7.jpg,640,640,Pancake,145,73,285,224
0d5b3a71b8633307_jpg.rf.91bba59231192798e04ab71509910bc7.jpg,640,640,Pancake,149,405,324,599
0d5b3a71b8633307_jpg.rf.91bba59231192798e04ab71509910bc7.jpg,640,640,Pancake,247,207,390,370
0d5b3a71b8633307_jpg.rf.91bba59231192798e04ab71509910bc7.jpg,640,640,Pancake,296,56,452,202
0d5b3a71b8633307_jpg.rf.91bba59231192798e04ab71509910bc7.jpg,640,640,Pancake,351,322,531,536
0d5b3a71b8633307_jpg.rf.91bba59231192798e04ab71509910bc7.jpg,640,640,Pancake,423,177,583,363
3691b80c943b01c4_jpg.rf.ac61453ed650df25730ffaf48ee7407c.jpg,640,640,Pancake,409,2,639,309
3691b80c943b01c4_jpg.rf.ac61453ed650df25730ffaf48ee7407c.jpg,640,640,Pancake,73,0,640,471
08580a05fada1e1f_jpg.rf.7486827f13ed90d920b9521e429be4f0.jpg,640,640,Pancake,206,203,419,379
9c9697f5525a7e88_jpg.rf.86794aef9e7109ec8f9e65ee9c6066a9.jpg,640,640,Pancake,145,84,422,447
e2a9d3b9187e5d1c_jpg.rf.0351d5a9de389e36daa5a4ace8ea35bf.jpg,640,640,Pancake,105,157,260,276
e2a9d3b9187e5d1c_jpg.rf.0351d5a9de389e36daa5a4ace8ea35bf.jpg,640,640,Pancake,298,361,521,534
e2a9d3b9187e5d1c_jpg.rf.0351d5a9de389e36daa5a4ace8ea35bf.jpg,640,640,Pancake,303,217,521,465
101d058730b41d08_jpg.rf.7035270d64bc849fe4cc0d16b036067a.jpg,640,640,Pancake,239,363,375,436
5366b3846fed674b_jpg.rf.793c9220f23a76822ac9a1775b50e397.jpg,640,640,Pancake,260,91,505,480
1ef1fcc301d8cf8b_jpg.rf.e5deaafbea879f848fbbbf6d824428f9.jpg,640,640,Pancake,237,190,509,346
5741fa134c52b697_jpg.rf.fd3f3bebdac762deaad7a1fb5d88f0e4.jpg,640,640,Pancake,0,0,639,639
5ae8f6c4c947a8e4_jpg.rf.92ed23474e3f8f302bc246592d2eda71.jpg,640,640,Pancake,0,42,610,615
fc91a7e8ec4b257c_jpg.rf.72ec7711db441b6d9a1b0ea375a506eb.jpg,640,640,Pancake,97,459,429,639
1952089e3e8460d9_jpg.rf.2f396078d47fa90c69a9e4f087a3cb6a.jpg,640,640,Pancake,0,62,171,304
1952089e3e8460d9_jpg.rf.2f396078d47fa90c69a9e4f087a3cb6a.jpg,640,640,Pancake,0,286,246,553
1952089e3e8460d9_jpg.rf.2f396078d47fa90c69a9e4f087a3cb6a.jpg,640,640,Pancake,141,59,403,271
1952089e3e8460d9_jpg.rf.2f396078d47fa90c69a9e4f087a3cb6a.jpg,640,640,Pancake,287,316,554,598
1952089e3e8460d9_jpg.rf.2f396078d47fa90c69a9e4f087a3cb6a.jpg,640,640,Pancake,393,127,639,356
b3a917c2e341a964_jpg.rf.40d75c3373a358999bdd39b3fe8e9ac6.jpg,640,640,Pancake,0,196,512,327
4b9304d79ad2179f_jpg.rf.1365e04e9e0892e8cac1c3270f42f0dd.jpg,640,640,Pancake,23,449,467,640
4b9304d79ad2179f_jpg.rf.1365e04e9e0892e8cac1c3270f42f0dd.jpg,640,640,Pancake,49,590,167,640
c7825a2be2f06754_jpg.rf.cf42dea636ca56f3367f75b80ca6fd53.jpg,640,640,Pancake,0,19,185,239
c7825a2be2f06754_jpg.rf.cf42dea636ca56f3367f75b80ca6fd53.jpg,640,640,Pancake,233,245,490,570
c7825a2be2f06754_jpg.rf.cf42dea636ca56f3367f75b80ca6fd53.jpg,640,640,Pancake,467,28,640,273
d75761d9812b461a_jpg.rf.23193ac0a129f54843d55d73ecfd4e66.jpg,640,640,Pancake,0,0,639,639
17f4539803d7e3f5_jpg.rf.4ef41f32262f47f347a3cb46b6c470fa.jpg,640,640,Pancake,0,86,522,606
00f99e6b49f20b11_jpg.rf.ea5d6e44d34f5522963765bf00648f29.jpg,640,640,Pancake,0,136,389,623
00f99e6b49f20b11_jpg.rf.ea5d6e44d34f5522963765bf00648f29.jpg,640,640,Pancake,336,98,639,513
cbabd0e83fdb3150_jpg.rf.a81f079b770a813a0f1d3f3e4abcab23.jpg,640,640,Pancake,219,387,545,548
cbabd0e83fdb3150_jpg.rf.a81f079b770a813a0f1d3f3e4abcab23.jpg,640,640,Pancake,231,450,543,600
cbabd0e83fdb3150_jpg.rf.a81f079b770a813a0f1d3f3e4abcab23.jpg,640,640,Pancake,232,268,541,518
160bbfcca1db9fce_jpg.rf.1a2e6331a7f63814f4ea11ed1e58abf6.jpg,640,640,Pancake,19,57,602,591
e5561acda392f5c5_jpg.rf.e543dabbc123971fd468c0f741affcaa.jpg,640,640,Pancake,53,202,586,578
e5561acda392f5c5_jpg.rf.e543dabbc123971fd468c0f741affcaa.jpg,640,640,Pancake,109,9,582,267
44119563a5b01267_jpg.rf.2d3fc1bfaca46fb2af24658348504bf9.jpg,640,640,Pancake,210,83,514,321
01a7bef7bde1e060_jpg.rf.a18aae04a94860f95bebcec972bfabec.jpg,640,640,Pancake,110,118,339,360
01a7bef7bde1e060_jpg.rf.a18aae04a94860f95bebcec972bfabec.jpg,640,640,Pancake,244,258,529,515
0215265110991da0_jpg.rf.13805cbe1e307e6356237275fdc05a75.jpg,640,640,Pancake,58,274,257,468
0215265110991da0_jpg.rf.13805cbe1e307e6356237275fdc05a75.jpg,640,640,Pancake,258,271,438,466
0215265110991da0_jpg.rf.13805cbe1e307e6356237275fdc05a75.jpg,640,640,Pancake,438,278,633,478
02a898cdb4557f3d_jpg.rf.4a307addb98fd393b7ec22965a6bc1f3.jpg,640,640,Pancake,64,43,605,640
3c99b203541493b8_jpg.rf.fea7ff263176946f76bd4f24442ee317.jpg,640,640,Pancake,0,282,530,639
3c99b203541493b8_jpg.rf.fea7ff263176946f76bd4f24442ee317.jpg,640,640,Pancake,341,291,640,640
2873543287a2b61e_jpg.rf.fca607cd4926425570c63c5a59531404.jpg,640,640,Pancake,19,58,598,634
2873543287a2b61e_jpg.rf.fca607cd4926425570c63c5a59531404.jpg,640,640,Pancake,99,0,605,176
24d45dd0b7dd7fd2_jpg.rf.412f09906bc0a1724e1308a2915c0d55.jpg,640,640,Pancake,0,231,638,549
24d45dd0b7dd7fd2_jpg.rf.412f09906bc0a1724e1308a2915c0d55.jpg,640,640,Pancake,271,268,594,374
629c5734224d7566_jpg.rf.5d15f498e8522ac6ea985df2305c2fee.jpg,640,640,Pancake,0,38,639,617
fe40b4a43d1352a7_jpg.rf.3ecdd91d918990968bb2b07b9a0714c7.jpg,640,640,Pancake,0,40,640,640
c6acaf35f6b808b3_jpg.rf.0f62d2f62ae6e682d2818ab514d91c2c.jpg,640,640,Pancake,22,147,239,370
c6acaf35f6b808b3_jpg.rf.0f62d2f62ae6e682d2818ab514d91c2c.jpg,640,640,Pancake,589,0,640,127
1f6234f731154c58_jpg.rf.a52b098f6bed737062cafb40a1851999.jpg,640,640,Pancake,218,197,453,492
ce5e7f094c14d732_jpg.rf.472a01c6adb8b8d407b2f280bd49d30f.jpg,640,640,Pancake,0,376,168,584
ce5e7f094c14d732_jpg.rf.472a01c6adb8b8d407b2f280bd49d30f.jpg,640,640,Pancake,108,218,579,592
ce5e7f094c14d732_jpg.rf.472a01c6adb8b8d407b2f280bd49d30f.jpg,640,640,Pancake,123,99,473,351
7b500139682059da_jpg.rf.38d839cf653b039f9918ffd0a1b64bc9.jpg,640,640,Pancake,182,9,541,391
7b500139682059da_jpg.rf.38d839cf653b039f9918ffd0a1b64bc9.jpg,640,640,Pancake,0,62,239,412
7b500139682059da_jpg.rf.38d839cf653b039f9918ffd0a1b64bc9.jpg,640,640,Pancake,106,328,405,640
7b500139682059da_jpg.rf.38d839cf653b039f9918ffd0a1b64bc9.jpg,640,640,Pancake,116,4,325,105
7b500139682059da_jpg.rf.38d839cf653b039f9918ffd0a1b64bc9.jpg,640,640,Pancake,356,303,640,623
4ed64d430b7c9489_jpg.rf.c076ff64a70800e27dfa86f648c3d211.jpg,640,640,Pancake,167,326,392,412
4ed64d430b7c9489_jpg.rf.c076ff64a70800e27dfa86f648c3d211.jpg,640,640,Pancake,189,515,560,640
e4ab2eb5e133c913_jpg.rf.86bb74ae3ce5916d976c441d01b8f9e3.jpg,640,640,Pancake,172,44,630,628
2a4526ce65b472b1_jpg.rf.9937871cb4ee984826e9df8d6274a28f.jpg,640,640,Pancake,0,119,227,429
2a4526ce65b472b1_jpg.rf.9937871cb4ee984826e9df8d6274a28f.jpg,640,640,Pancake,0,413,496,564
2a4526ce65b472b1_jpg.rf.9937871cb4ee984826e9df8d6274a28f.jpg,640,640,Pancake,5,325,320,458
2a4526ce65b472b1_jpg.rf.9937871cb4ee984826e9df8d6274a28f.jpg,640,640,Pancake,53,41,639,175
2a4526ce65b472b1_jpg.rf.9937871cb4ee984826e9df8d6274a28f.jpg,640,640,Pancake,140,183,639,471
2a4526ce65b472b1_jpg.rf.9937871cb4ee984826e9df8d6274a28f.jpg,640,640,Pancake,225,122,639,267
040c8c2b25720ece_jpg.rf.6c0648d7a93d1c401ebb903121c09d07.jpg,640,640,Pancake,28,175,190,346
040c8c2b25720ece_jpg.rf.6c0648d7a93d1c401ebb903121c09d07.jpg,640,640,Pancake,122,241,452,520
040c8c2b25720ece_jpg.rf.6c0648d7a93d1c401ebb903121c09d07.jpg,640,640,Pancake,377,156,575,406
21c98716f58cb337_jpg.rf.d7585b287cf34643ac55e6f75f25997f.jpg,640,640,Pancake,0,217,333,408
21c98716f58cb337_jpg.rf.d7585b287cf34643ac55e6f75f25997f.jpg,640,640,Pancake,0,343,336,596
9d3db5e0b74e38fc_jpg.rf.ee379ba9d4d7145409d96221ad994f9d.jpg,640,640,Pancake,92,318,395,486
2280e268b4557a06_jpg.rf.4ce2fc4ee448a1127d2c62437323627f.jpg,640,640,Pancake,0,0,640,640
314d4588dd8e9b28_jpg.rf.46c64917f2501edf6937060013a3c884.jpg,640,640,Pancake,76,239,245,309
314d4588dd8e9b28_jpg.rf.46c64917f2501edf6937060013a3c884.jpg,640,640,Pancake,122,426,479,636
ceb8188f93d4ecda_jpg.rf.f56bbeff947e3d14d3faae9cf73cf46e.jpg,640,640,Pancake,220,223,556,508
33cc2ea2d94ed260_jpg.rf.9aca46febad27a239e8187fff1d6d555.jpg,640,640,Pancake,0,122,558,636
18fb7e42db6b99b9_jpg.rf.94cf0ca346e93f4638d57d358ff412d1.jpg,640,640,Pancake,0,51,639,639
18fb7e42db6b99b9_jpg.rf.94cf0ca346e93f4638d57d358ff412d1.jpg,640,640,Pancake,0,52,639,639
856ecbcb5faf76e3_jpg.rf.005ed5bfe0a0036eebae2487751a99c6.jpg,640,640,Pancake,51,72,608,537
25c7957fe5c0bf70_jpg.rf.9c9999888b9b34b8cf45d417844b9bd5.jpg,640,640,Pancake,170,111,505,443
46bd341997d36631_jpg.rf.184993735da89c7a6f1c14e9c621bf03.jpg,640,640,Pancake,0,174,395,372
a5e108431d28437f_jpg.rf.450dc4c90ff5cb05cf5249dd0faf08fb.jpg,640,640,Pancake,137,204,506,579
48d92568057a02c7_jpg.rf.0639b14c1cc1627c1d28ccb953744d1e.jpg,640,640,Pancake,220,211,441,446
266411fd21891704_jpg.rf.805cf924da29167947d8cf3572f331c9.jpg,640,640,Pancake,33,338,640,606
ba6d9980d916d609_jpg.rf.a0ffcfa5deb6290507769deb372a7e24.jpg,640,640,Pancake,314,81,616,358
c0512def1727629c_jpg.rf.9524fde57d1edbe7116144b4a01d533c.jpg,640,640,Pancake,264,206,612,399
83077e341765a41a_jpg.rf.344bfe4ec3caf21b1d54d70e37c6ab03.jpg,640,640,Pancake,136,24,484,472
a53d83d6ace91328_jpg.rf.ecde1795406e78cddf7fb07f4e5f7958.jpg,640,640,Pancake,86,145,639,421
b90252750421b5de_jpg.rf.cdb9932cbf2f7e1a67750c3ccb89430f.jpg,640,640,Pancake,260,204,431,307
0ddc16aaffe45d12_jpg.rf.55580d262530e70ec0df92fe81d5fe38.jpg,640,640,Pancake,65,227,368,514
0ddc16aaffe45d12_jpg.rf.55580d262530e70ec0df92fe81d5fe38.jpg,640,640,Pancake,80,368,386,541
0ddc16aaffe45d12_jpg.rf.55580d262530e70ec0df92fe81d5fe38.jpg,640,640,Pancake,90,118,472,476
b600ffa3cd8edc34_jpg.rf.9595dc5c4e8d3d7a1e6959c4b6e953a3.jpg,640,640,Pancake,24,229,424,578
b600ffa3cd8edc34_jpg.rf.9595dc5c4e8d3d7a1e6959c4b6e953a3.jpg,640,640,Pancake,81,190,540,486
59ca47432fcfb6be_jpg.rf.38c5c2790625f11c709395609330fece.jpg,640,640,Pancake,6,139,430,476
d2bcf6de9f8f0e91_jpg.rf.6abb0fdabaaec3441e62518df8d9184c.jpg,640,640,Pancake,83,16,526,186
d2bcf6de9f8f0e91_jpg.rf.6abb0fdabaaec3441e62518df8d9184c.jpg,640,640,Pancake,83,117,553,611
0746bbcc71b592b3_jpg.rf.29410ee11fad05e2525b6d1e09aaba9b.jpg,640,640,Pancake,221,457,341,522
05562aab3644bd72_jpg.rf.33191f6ea733303ad9573cda91dfed5a.jpg,640,640,Pancake,32,59,498,557
d217aba7515dfa73_jpg.rf.99e938b9eb4ae96532045efc3276fefa.jpg,640,640,Pancake,143,95,513,500
cc44da412d5ce3b8_jpg.rf.51c2489ef9cbe921d50b7d96bb10c1f9.jpg,640,640,Pancake,316,344,634,627
ff9b9cdbb11e8b68_jpg.rf.eafe5841c0c307bdfc131e766f5e8985.jpg,640,640,Pancake,21,0,631,612
4360eae581327bea_jpg.rf.c1451b2ec283bead2e91cc3d648fc093.jpg,640,640,Pancake,114,237,194,310
4360eae581327bea_jpg.rf.c1451b2ec283bead2e91cc3d648fc093.jpg,640,640,Pancake,117,213,182,244
4360eae581327bea_jpg.rf.c1451b2ec283bead2e91cc3d648fc093.jpg,640,640,Pancake,161,238,224,269
4360eae581327bea_jpg.rf.c1451b2ec283bead2e91cc3d648fc093.jpg,640,640,Pancake,191,266,229,300
4360eae581327bea_jpg.rf.c1451b2ec283bead2e91cc3d648fc093.jpg,640,640,Pancake,238,448,321,550
4360eae581327bea_jpg.rf.c1451b2ec283bead2e91cc3d648fc093.jpg,640,640,Pancake,289,435,405,561
4360eae581327bea_jpg.rf.c1451b2ec283bead2e91cc3d648fc093.jpg,640,640,Pancake,314,470,392,579
4360eae581327bea_jpg.rf.c1451b2ec283bead2e91cc3d648fc093.jpg,640,640,Pancake,321,335,398,421
114a3762a28b6cc3_jpg.rf.faddee69d4ee9c8a4568ce8d0a194dcd.jpg,640,640,Pancake,0,86,639,631
6eb82dadcb6c0443_jpg.rf.195390c14606fa5c19debfe2c2b80092.jpg,640,640,Pancake,69,35,640,639
7199f53075f51dac_jpg.rf.de19cef63e8e18cd23aa719e3a06491e.jpg,640,640,Pancake,137,0,539,221
ec6534d5fda05f02_jpg.rf.47917f8e578c6daa48cb581906222773.jpg,640,640,Pancake,427,223,593,364
ec6534d5fda05f02_jpg.rf.47917f8e578c6daa48cb581906222773.jpg,640,640,Pancake,551,158,640,337
6a67c48cebcb1696_jpg.rf.d899b71e3ab2aa790da439a20c9cbce6.jpg,640,640,Pancake,0,128,337,440
031b758608e09827_jpg.rf.7f386a0af670c836e3a48bc079f3fa96.jpg,640,640,Pancake,72,453,247,562
031b758608e09827_jpg.rf.7f386a0af670c836e3a48bc079f3fa96.jpg,640,640,Pancake,163,337,369,410
ab52fd3df6b302d2_jpg.rf.07baebf6a4d224d375c539f06118b836.jpg,640,640,Pancake,85,447,633,635
6e2a55e3c448d275_jpg.rf.b10a1f9f36417b95a001db03dc994ba0.jpg,640,640,Pancake,204,177,596,472
ceef3d65e61de9a3_jpg.rf.0996783580b5f05bb7aea124f02c0ae0.jpg,640,640,Pancake,215,14,558,620
19819af0da12e71c_jpg.rf.8ed1df8d9b7b8f7d17de36bf031e0705.jpg,640,640,Pancake,114,273,459,550
19819af0da12e71c_jpg.rf.8ed1df8d9b7b8f7d17de36bf031e0705.jpg,640,640,Pancake,172,264,442,509
04570458195153ec_jpg.rf.76bf13a359f5af0836c0dffc9870a391.jpg,640,640,Pancake,135,325,511,511
9293f164f98ba072_jpg.rf.4e3da04a6f3ef3d4fe0d8b1f2903d57b.jpg,640,640,Pancake,295,279,635,550
0c734250eff8a0fb_jpg.rf.cbdd193ddaa0a1fce68dcfc0dbe00687.jpg,640,640,Pancake,94,324,554,433
0c734250eff8a0fb_jpg.rf.cbdd193ddaa0a1fce68dcfc0dbe00687.jpg,640,640,Pancake,111,433,501,616
0c734250eff8a0fb_jpg.rf.cbdd193ddaa0a1fce68dcfc0dbe00687.jpg,640,640,Pancake,129,388,520,578
0c734250eff8a0fb_jpg.rf.cbdd193ddaa0a1fce68dcfc0dbe00687.jpg,640,640,Pancake,129,274,521,374
0c734250eff8a0fb_jpg.rf.cbdd193ddaa0a1fce68dcfc0dbe00687.jpg,640,640,Pancake,147,392,515,504
0c734250eff8a0fb_jpg.rf.cbdd193ddaa0a1fce68dcfc0dbe00687.jpg,640,640,Pancake,166,94,584,179
0c734250eff8a0fb_jpg.rf.cbdd193ddaa0a1fce68dcfc0dbe00687.jpg,640,640,Pancake,175,231,608,379
0c734250eff8a0fb_jpg.rf.cbdd193ddaa0a1fce68dcfc0dbe00687.jpg,640,640,Pancake,180,22,620,138
0c734250eff8a0fb_jpg.rf.cbdd193ddaa0a1fce68dcfc0dbe00687.jpg,640,640,Pancake,189,136,620,256
0c734250eff8a0fb_jpg.rf.cbdd193ddaa0a1fce68dcfc0dbe00687.jpg,640,640,Pancake,201,195,612,324
0c734250eff8a0fb_jpg.rf.cbdd193ddaa0a1fce68dcfc0dbe00687.jpg,640,640,Pancake,240,407,575,487
9606403e925e5ced_jpg.rf.abfd0ed2c660e0eb371d41af66ebe332.jpg,640,640,Pancake,504,406,623,526
9606403e925e5ced_jpg.rf.abfd0ed2c660e0eb371d41af66ebe332.jpg,640,640,Pancake,0,215,11,261
9606403e925e5ced_jpg.rf.abfd0ed2c660e0eb371d41af66ebe332.jpg,640,640,Pancake,0,175,13,215
9606403e925e5ced_jpg.rf.abfd0ed2c660e0eb371d41af66ebe332.jpg,640,640,Pancake,0,289,98,352
9606403e925e5ced_jpg.rf.abfd0ed2c660e0eb371d41af66ebe332.jpg,640,640,Pancake,11,228,97,296
9606403e925e5ced_jpg.rf.abfd0ed2c660e0eb371d41af66ebe332.jpg,640,640,Pancake,17,123,88,168
9606403e925e5ced_jpg.rf.abfd0ed2c660e0eb371d41af66ebe332.jpg,640,640,Pancake,22,156,90,205
9606403e925e5ced_jpg.rf.abfd0ed2c660e0eb371d41af66ebe332.jpg,640,640,Pancake,76,420,185,538
9606403e925e5ced_jpg.rf.abfd0ed2c660e0eb371d41af66ebe332.jpg,640,640,Pancake,88,107,157,158
9606403e925e5ced_jpg.rf.abfd0ed2c660e0eb371d41af66ebe332.jpg,640,640,Pancake,94,298,188,379
9606403e925e5ced_jpg.rf.abfd0ed2c660e0eb371d41af66ebe332.jpg,640,640,Pancake,95,170,168,227
9606403e925e5ced_jpg.rf.abfd0ed2c660e0eb371d41af66ebe332.jpg,640,640,Pancake,97,84,154,122
9606403e925e5ced_jpg.rf.abfd0ed2c660e0eb371d41af66ebe332.jpg,640,640,Pancake,100,209,181,269
9606403e925e5ced_jpg.rf.abfd0ed2c660e0eb371d41af66ebe332.jpg,640,640,Pancake,168,127,233,173
9606403e925e5ced_jpg.rf.abfd0ed2c660e0eb371d41af66ebe332.jpg,640,640,Pancake,178,159,245,208
9606403e925e5ced_jpg.rf.abfd0ed2c660e0eb371d41af66ebe332.jpg,640,640,Pancake,182,232,266,293
9606403e925e5ced_jpg.rf.abfd0ed2c660e0eb371d41af66ebe332.jpg,640,640,Pancake,198,277,292,357
9606403e925e5ced_jpg.rf.abfd0ed2c660e0eb371d41af66ebe332.jpg,640,640,Pancake,238,113,305,157
9606403e925e5ced_jpg.rf.abfd0ed2c660e0eb371d41af66ebe332.jpg,640,640,Pancake,251,173,327,224
9606403e925e5ced_jpg.rf.abfd0ed2c660e0eb371d41af66ebe332.jpg,640,640,Pancake,267,209,349,273
9606403e925e5ced_jpg.rf.abfd0ed2c660e0eb371d41af66ebe332.jpg,640,640,Pancake,313,125,382,171
9606403e925e5ced_jpg.rf.abfd0ed2c660e0eb371d41af66ebe332.jpg,640,640,Pancake,333,156,391,199
9606403e925e5ced_jpg.rf.abfd0ed2c660e0eb371d41af66ebe332.jpg,640,640,Pancake,343,314,441,386
9606403e925e5ced_jpg.rf.abfd0ed2c660e0eb371d41af66ebe332.jpg,640,640,Pancake,375,378,472,458
9606403e925e5ced_jpg.rf.abfd0ed2c660e0eb371d41af66ebe332.jpg,640,640,Pancake,396,232,485,300
9606403e925e5ced_jpg.rf.abfd0ed2c660e0eb371d41af66ebe332.jpg,640,640,Pancake,430,290,527,356
9606403e925e5ced_jpg.rf.abfd0ed2c660e0eb371d41af66ebe332.jpg,640,640,Pancake,445,178,526,228
9606403e925e5ced_jpg.rf.abfd0ed2c660e0eb371d41af66ebe332.jpg,640,640,Pancake,481,225,565,279
9606403e925e5ced_jpg.rf.abfd0ed2c660e0eb371d41af66ebe332.jpg,640,640,Pancake,513,152,590,211
9606403e925e5ced_jpg.rf.abfd0ed2c660e0eb371d41af66ebe332.jpg,640,640,Pancake,539,305,639,387
9606403e925e5ced_jpg.rf.abfd0ed2c660e0eb371d41af66ebe332.jpg,640,640,Pancake,580,235,639,301
9606403e925e5ced_jpg.rf.abfd0ed2c660e0eb371d41af66ebe332.jpg,640,640,Pancake,596,368,639,465
9606403e925e5ced_jpg.rf.abfd0ed2c660e0eb371d41af66ebe332.jpg,640,640,Pancake,602,171,639,221
5a6b276677ea1f3b_jpg.rf.110c8104c8b9d118fb9af2e7721ffdcd.jpg,640,640,Pancake,141,111,426,591
66e43adfd61e4496_jpg.rf.4392cd23970f774dcf1a459f641c5ee1.jpg,640,640,Pancake,48,340,254,489
66e43adfd61e4496_jpg.rf.4392cd23970f774dcf1a459f641c5ee1.jpg,640,640,Pancake,140,271,443,471
b958e104a7f85527_jpg.rf.de6a8ce74405561da11b60ae4a9e2367.jpg,640,640,Pancake,484,174,569,211
0f370e30586f757b_jpg.rf.4b501abbac03cc64d9f39b06bea0aa89.jpg,640,640,Pancake,24,0,627,639
62e2ce3748ec6dac_jpg.rf.643ed70887c0f6c3e5d9f52374bf417f.jpg,640,640,Pancake,0,447,158,528
62e2ce3748ec6dac_jpg.rf.643ed70887c0f6c3e5d9f52374bf417f.jpg,640,640,Pancake,0,368,214,453
62e2ce3748ec6dac_jpg.rf.643ed70887c0f6c3e5d9f52374bf417f.jpg,640,640,Pancake,118,490,342,557
62e2ce3748ec6dac_jpg.rf.643ed70887c0f6c3e5d9f52374bf417f.jpg,640,640,Pancake,164,420,372,494
62e2ce3748ec6dac_jpg.rf.643ed70887c0f6c3e5d9f52374bf417f.jpg,640,640,Pancake,205,328,415,428
62e2ce3748ec6dac_jpg.rf.643ed70887c0f6c3e5d9f52374bf417f.jpg,640,640,Pancake,364,471,597,552
62e2ce3748ec6dac_jpg.rf.643ed70887c0f6c3e5d9f52374bf417f.jpg,640,640,Pancake,382,379,626,473
ceea609450c82343_jpg.rf.3bb138cb3fcc82b8843e0bd8eb4cf663.jpg,640,640,Pancake,22,352,398,629
ceea609450c82343_jpg.rf.3bb138cb3fcc82b8843e0bd8eb4cf663.jpg,640,640,Pancake,36,339,431,599
ceea609450c82343_jpg.rf.3bb138cb3fcc82b8843e0bd8eb4cf663.jpg,640,640,Pancake,37,52,463,538
05f49f1cd319fdfd_jpg.rf.fa856c1e59e914e342e372d78114850c.jpg,640,640,Pancake,154,456,246,493
05f49f1cd319fdfd_jpg.rf.fa856c1e59e914e342e372d78114850c.jpg,640,640,Pancake,223,486,277,520
c40f95dfcbab0fbe_jpg.rf.58aa79123a64bb28f5b5e815e902eaf0.jpg,640,640,Pancake,62,84,547,541
4c1bf802de14a0c0_jpg.rf.585aee0f5672d79a7d8a2f262a1bca4b.jpg,640,640,Pancake,0,0,105,147
4c1bf802de14a0c0_jpg.rf.585aee0f5672d79a7d8a2f262a1bca4b.jpg,640,640,Pancake,130,186,473,408
4c1bf802de14a0c0_jpg.rf.585aee0f5672d79a7d8a2f262a1bca4b.jpg,640,640,Pancake,313,0,493,66
1a55e0a6975fd286_jpg.rf.2f016130d2490d78111b3d69b635d709.jpg,640,640,Pancake,59,167,267,236
1a55e0a6975fd286_jpg.rf.2f016130d2490d78111b3d69b635d709.jpg,640,640,Pancake,60,128,261,197
1a55e0a6975fd286_jpg.rf.2f016130d2490d78111b3d69b635d709.jpg,640,640,Pancake,93,541,390,617
e41ce95f89895d58_jpg.rf.aefb8b7236e9c2c0724f88351c1f109b.jpg,640,640,Pancake,94,162,572,580
e41ce95f89895d58_jpg.rf.aefb8b7236e9c2c0724f88351c1f109b.jpg,640,640,Pancake,113,97,468,233
53d379a08acbac94_jpg.rf.85042456053f2e1d1806f4d3b517ab89.jpg,640,640,Pancake,186,165,544,495
147a3582edb49ff2_jpg.rf.ec18d8f759b5063e1f860dad11c86fe8.jpg,640,640,Pancake,0,285,272,512
147a3582edb49ff2_jpg.rf.ec18d8f759b5063e1f860dad11c86fe8.jpg,640,640,Pancake,259,295,614,545
00eaa459e758c141_jpg.rf.d3c74819d80e760b739e6cdf89c827c1.jpg,640,640,Pancake,0,159,607,308
00eaa459e758c141_jpg.rf.d3c74819d80e760b739e6cdf89c827c1.jpg,640,640,Pancake,0,258,607,377
00eaa459e758c141_jpg.rf.d3c74819d80e760b739e6cdf89c827c1.jpg,640,640,Pancake,0,374,610,505
00eaa459e758c141_jpg.rf.d3c74819d80e760b739e6cdf89c827c1.jpg,640,640,Pancake,0,408,614,554
00eaa459e758c141_jpg.rf.d3c74819d80e760b739e6cdf89c827c1.jpg,640,640,Pancake,0,47,618,546
00eaa459e758c141_jpg.rf.d3c74819d80e760b739e6cdf89c827c1.jpg,640,640,Pancake,0,311,620,453
321390b1b9d50ccb_jpg.rf.91bb5b6d3894e99eb91daf3b26710bc6.jpg,640,640,Pancake,0,131,404,500
239783f760309f38_jpg.rf.846ca5fbe4aae666bf6d566523d1a546.jpg,640,640,Pancake,89,255,328,594
239783f760309f38_jpg.rf.846ca5fbe4aae666bf6d566523d1a546.jpg,640,640,Pancake,222,65,395,241
239783f760309f38_jpg.rf.846ca5fbe4aae666bf6d566523d1a546.jpg,640,640,Pancake,277,433,586,639
239783f760309f38_jpg.rf.846ca5fbe4aae666bf6d566523d1a546.jpg,640,640,Pancake,472,112,640,575
a84d51c000f1b63f_jpg.rf.685a18bbee32fcb10fabf5139ac23b59.jpg,640,640,Pancake,270,268,481,353
0defdee7c6a1895d_jpg.rf.65d138f1ee5d99d201495ec64f30bf92.jpg,640,640,Pancake,324,0,578,235
0defdee7c6a1895d_jpg.rf.65d138f1ee5d99d201495ec64f30bf92.jpg,640,640,Pancake,0,176,332,616
de72dbbca2ae7499_jpg.rf.c127ce46295cb97c4781e94288e7fe1f.jpg,640,640,Pancake,369,338,500,434
395069b979ab24c3_jpg.rf.a7aa887660132e3879e72f05a49139ce.jpg,640,640,Pancake,0,427,197,543
395069b979ab24c3_jpg.rf.a7aa887660132e3879e72f05a49139ce.jpg,640,640,Pancake,0,303,258,424
395069b979ab24c3_jpg.rf.a7aa887660132e3879e72f05a49139ce.jpg,640,640,Pancake,205,390,455,484
395069b979ab24c3_jpg.rf.a7aa887660132e3879e72f05a49139ce.jpg,640,640,Pancake,247,257,501,392
395069b979ab24c3_jpg.rf.a7aa887660132e3879e72f05a49139ce.jpg,640,640,Pancake,468,454,639,585
395069b979ab24c3_jpg.rf.a7aa887660132e3879e72f05a49139ce.jpg,640,640,Pancake,469,325,640,451
86b40e440fb8317c_jpg.rf.18b0badcafa163bada79127a2f352666.jpg,640,640,Pancake,198,224,420,466
462ed0e7a563bc8c_jpg.rf.b92af60a94ade26e1035d133ff8278b5.jpg,640,640,Pancake,283,111,578,320
462ed0e7a563bc8c_jpg.rf.b92af60a94ade26e1035d133ff8278b5.jpg,640,640,Pancake,301,219,588,477
4f6c2fd067277f1c_jpg.rf.2356565324017d369a254836e7ae0c2c.jpg,640,640,Pancake,16,195,635,609
4f6c2fd067277f1c_jpg.rf.2356565324017d369a254836e7ae0c2c.jpg,640,640,Pancake,284,229,531,374
14cedb6a84bbd85b_jpg.rf.f2c212de78f5fc301c9f6a7800b9d673.jpg,640,640,Pancake,64,352,389,640
14cedb6a84bbd85b_jpg.rf.f2c212de78f5fc301c9f6a7800b9d673.jpg,640,640,Pancake,212,110,476,350
14cedb6a84bbd85b_jpg.rf.f2c212de78f5fc301c9f6a7800b9d673.jpg,640,640,Pancake,343,285,640,629
14cedb6a84bbd85b_jpg.rf.f2c212de78f5fc301c9f6a7800b9d673.jpg,640,640,Pancake,417,586,640,639
14cedb6a84bbd85b_jpg.rf.f2c212de78f5fc301c9f6a7800b9d673.jpg,640,640,Pancake,428,99,640,380
145b8d3171b71c4a_jpg.rf.6630947fcadaa8839ce75c05bfbcb455.jpg,640,640,Pancake,179,370,466,575
145b8d3171b71c4a_jpg.rf.6630947fcadaa8839ce75c05bfbcb455.jpg,640,640,Pancake,0,263,153,416
145b8d3171b71c4a_jpg.rf.6630947fcadaa8839ce75c05bfbcb455.jpg,640,640,Pancake,1,180,611,596
145b8d3171b71c4a_jpg.rf.6630947fcadaa8839ce75c05bfbcb455.jpg,640,640,Pancake,22,401,247,576
145b8d3171b71c4a_jpg.rf.6630947fcadaa8839ce75c05bfbcb455.jpg,640,640,Pancake,97,318,322,388
145b8d3171b71c4a_jpg.rf.6630947fcadaa8839ce75c05bfbcb455.jpg,640,640,Pancake,138,215,217,278
145b8d3171b71c4a_jpg.rf.6630947fcadaa8839ce75c05bfbcb455.jpg,640,640,Pancake,142,216,296,326
145b8d3171b71c4a_jpg.rf.6630947fcadaa8839ce75c05bfbcb455.jpg,640,640,Pancake,257,204,509,367
145b8d3171b71c4a_jpg.rf.6630947fcadaa8839ce75c05bfbcb455.jpg,640,640,Pancake,269,174,422,225
145b8d3171b71c4a_jpg.rf.6630947fcadaa8839ce75c05bfbcb455.jpg,640,640,Pancake,337,363,572,526
145b8d3171b71c4a_jpg.rf.6630947fcadaa8839ce75c05bfbcb455.jpg,640,640,Pancake,430,319,557,382
145b8d3171b71c4a_jpg.rf.6630947fcadaa8839ce75c05bfbcb455.jpg,640,640,Pancake,452,239,606,322
145b8d3171b71c4a_jpg.rf.6630947fcadaa8839ce75c05bfbcb455.jpg,640,640,Pancake,503,345,598,400
17026c9c9ac09f57_jpg.rf.d15017a1616de3ee1fd9d568b8615ceb.jpg,640,640,Pancake,137,97,514,458
4d762e33268919b2_jpg.rf.4daa6b9fdc606ef367e23998368e5cd7.jpg,640,640,Pancake,17,162,344,448
4d762e33268919b2_jpg.rf.4daa6b9fdc606ef367e23998368e5cd7.jpg,640,640,Pancake,310,101,618,374
6649f66a42fdfbf8_jpg.rf.17951ce91059b349911f993ae7582104.jpg,640,640,Pancake,0,143,510,610
04c17efeacaee69f_jpg.rf.c11da0a8d97d3357a53e23ebac4e4810.jpg,640,640,Pancake,82,259,300,471
04c17efeacaee69f_jpg.rf.c11da0a8d97d3357a53e23ebac4e4810.jpg,640,640,Pancake,141,191,252,339
04c17efeacaee69f_jpg.rf.c11da0a8d97d3357a53e23ebac4e4810.jpg,640,640,Pancake,198,179,372,405
1908fee08d546a74_jpg.rf.534aeada91edb80a756a3e49741b951c.jpg,640,640,Pancake,0,13,327,569
1908fee08d546a74_jpg.rf.534aeada91edb80a756a3e49741b951c.jpg,640,640,Pancake,221,21,640,525
543360ed03c3b509_jpg.rf.196e2ac2ff74ca6da77ac7efbbec59b3.jpg,640,640,Pancake,105,45,297,129
543360ed03c3b509_jpg.rf.196e2ac2ff74ca6da77ac7efbbec59b3.jpg,640,640,Pancake,295,82,533,215
543360ed03c3b509_jpg.rf.196e2ac2ff74ca6da77ac7efbbec59b3.jpg,640,640,Pancake,397,325,635,553
a5e53f8a2b574b87_jpg.rf.eaefbc65ded5c866f5fb0cc638fa3269.jpg,640,640,Pancake,249,0,445,203
f1f730be3caa521c_jpg.rf.55b3bfce4e41d66fdcd8f5be02422599.jpg,640,640,Pancake,218,302,640,631
30ea5c01307a0bc9_jpg.rf.7d4c7eddeba540419b20511ed772b2cb.jpg,640,640,Pancake,0,322,391,529
30ea5c01307a0bc9_jpg.rf.7d4c7eddeba540419b20511ed772b2cb.jpg,640,640,Pancake,8,317,331,355
c693d0a1e648d70b_jpg.rf.b179192c44f95588ad6279f258a41146.jpg,640,640,Pancake,188,151,447,457
c693d0a1e648d70b_jpg.rf.b179192c44f95588ad6279f258a41146.jpg,640,640,Pancake,313,262,640,626
c693d0a1e648d70b_jpg.rf.b179192c44f95588ad6279f258a41146.jpg,640,640,Pancake,321,259,485,562
1895f377175fcb4a_jpg.rf.24af46fe71028033fc1771ac4cdc0fa4.jpg,640,640,Pancake,52,154,550,442
da43570537b3ff3f_jpg.rf.73541403c154841119163544218f5dea.jpg,640,640,Pancake,183,143,561,500
7b2710fd00313055_jpg.rf.2c473d75ec0d987a3d0db6c9c433b02e.jpg,640,640,Pancake,110,276,278,397
7b2710fd00313055_jpg.rf.2c473d75ec0d987a3d0db6c9c433b02e.jpg,640,640,Pancake,144,200,306,272
7b2710fd00313055_jpg.rf.2c473d75ec0d987a3d0db6c9c433b02e.jpg,640,640,Pancake,182,268,276,329
7b2710fd00313055_jpg.rf.2c473d75ec0d987a3d0db6c9c433b02e.jpg,640,640,Pancake,235,227,370,309
7b2710fd00313055_jpg.rf.2c473d75ec0d987a3d0db6c9c433b02e.jpg,640,640,Pancake,238,298,405,400
7b2710fd00313055_jpg.rf.2c473d75ec0d987a3d0db6c9c433b02e.jpg,640,640,Pancake,371,277,445,327
c0f15c39e72edbb3_jpg.rf.20480c41eb630507857534aef0b96753.jpg,640,640,Pancake,0,0,57,63
690ce6f36fe04e5e_jpg.rf.84b9860d32ac32cdd126e4adf5176d13.jpg,640,640,Pancake,92,193,391,424
aa1b9fb80185f106_jpg.rf.d914e21e2a9ca9240729c75a8b56d567.jpg,640,640,Pancake,81,60,452,351
aa1b9fb80185f106_jpg.rf.d914e21e2a9ca9240729c75a8b56d567.jpg,640,640,Pancake,81,210,456,374
aa1b9fb80185f106_jpg.rf.d914e21e2a9ca9240729c75a8b56d567.jpg,640,640,Pancake,100,200,481,445
aa1b9fb80185f106_jpg.rf.d914e21e2a9ca9240729c75a8b56d567.jpg,640,640,Pancake,142,325,476,478
7799289c27b99371_jpg.rf.4ff7c3a18698b864d4e5a46e992ca795.jpg,640,640,Pancake,109,286,337,519
7799289c27b99371_jpg.rf.4ff7c3a18698b864d4e5a46e992ca795.jpg,640,640,Pancake,304,295,523,477
43eb82becc109c66_jpg.rf.7a52e46a88d2f16f4e9ad463bae06569.jpg,640,640,Pancake,440,149,618,372
0e3330d1fc03fab9_jpg.rf.960eaf4d040ee310e82a85b14ca2e53c.jpg,640,640,Pancake,54,297,302,639
0e3330d1fc03fab9_jpg.rf.960eaf4d040ee310e82a85b14ca2e53c.jpg,640,640,Pancake,213,11,446,288
0e3330d1fc03fab9_jpg.rf.960eaf4d040ee310e82a85b14ca2e53c.jpg,640,640,Pancake,361,263,546,621
985b76cd9821290b_jpg.rf.e4c034b93dbb8d944753a9e4b45a7975.jpg,640,640,Pancake,21,391,599,568
6ebfe44b0033e4b2_jpg.rf.9f859dc13c01bd69d9af97994e76ea33.jpg,640,640,Pancake,0,29,640,639
171b1d4b5c5ed24a_jpg.rf.08c7b3cac1a910ea876babcf3ca49836.jpg,640,640,Pancake,116,388,502,473
171b1d4b5c5ed24a_jpg.rf.08c7b3cac1a910ea876babcf3ca49836.jpg,640,640,Pancake,130,294,491,425
171b1d4b5c5ed24a_jpg.rf.08c7b3cac1a910ea876babcf3ca49836.jpg,640,640,Pancake,131,513,375,582
171b1d4b5c5ed24a_jpg.rf.08c7b3cac1a910ea876babcf3ca49836.jpg,640,640,Pancake,145,433,509,544
52c330b1c29ff308_jpg.rf.bb8297b58e28c3b9839cfc53939023ed.jpg,640,640,Pancake,0,309,399,499
52c330b1c29ff308_jpg.rf.bb8297b58e28c3b9839cfc53939023ed.jpg,640,640,Pancake,428,109,639,349
6799810dd48a3272_jpg.rf.2edabe59dc9e647ccf65137b459c3498.jpg,640,640,Pancake,235,73,510,401
6799810dd48a3272_jpg.rf.2edabe59dc9e647ccf65137b459c3498.jpg,640,640,Pancake,392,350,466,415
4fa039b899160f0d_jpg.rf.82ba0c1eaa684a7abc9170a0f74f60b1.jpg,640,640,Pancake,0,83,639,508
4fa039b899160f0d_jpg.rf.82ba0c1eaa684a7abc9170a0f74f60b1.jpg,640,640,Pancake,87,9,637,127
71e3f0f9147f3240_jpg.rf.eb1b0acf8dc032740b4c9109927f094b.jpg,640,640,Pancake,0,146,592,473
71e3f0f9147f3240_jpg.rf.eb1b0acf8dc032740b4c9109927f094b.jpg,640,640,Pancake,58,160,559,267
e1a6194af20ea8e0_jpg.rf.673d1b20c2e5334c488ab7ab77ae989c.jpg,640,640,Pancake,0,116,558,547
04c9af19bca10cf4_jpg.rf.ac4e33f6981e5859df005a252edb489d.jpg,640,640,Pancake,33,0,223,74
04c9af19bca10cf4_jpg.rf.ac4e33f6981e5859df005a252edb489d.jpg,640,640,Pancake,128,268,423,593
29793d162c86a0cf_jpg.rf.ee97ad2f0c37fd2f57a1a59a42f60001.jpg,640,640,Pancake,0,56,615,594
84153a92d4a5a389_jpg.rf.7cf9523983c0c2dca24e6b5dca037f24.jpg,640,640,Pancake,0,47,313,640
718ee736ca9a0864_jpg.rf.069f43ad5abcb0a3522b227e4f926d1d.jpg,640,640,Pancake,184,274,546,630
718ee736ca9a0864_jpg.rf.069f43ad5abcb0a3522b227e4f926d1d.jpg,640,640,Pancake,244,187,586,440
718ee736ca9a0864_jpg.rf.069f43ad5abcb0a3522b227e4f926d1d.jpg,640,640,Pancake,247,196,588,432
3743097ca2654fda_jpg.rf.c3eee20a55c1fa4c0fe413a504387134.jpg,640,640,Pancake,101,137,447,321
709b5ac91627a7b8_jpg.rf.ac4c37624f59ce17cd896ae3f4b11b5b.jpg,640,640,Pancake,410,247,639,376
31e88b994a8ac0e4_jpg.rf.e0294e82e87e3dd7f23b543d3f356e68.jpg,640,640,Pancake,49,347,490,575
4d90078b55ed5353_jpg.rf.e80b8742d7aeddda530be6990e505df7.jpg,640,640,Pancake,93,32,453,337
e2fd1a03f18927f6_jpg.rf.402fcffcb80b61639272e7604bc2d543.jpg,640,640,Pancake,151,0,603,610
dc736169a020b31e_jpg.rf.ed004cd949fc961740ccb1a713a43bb3.jpg,640,640,Pancake,120,193,542,552
b343d1c4eaf1af3d_jpg.rf.c1a450bd70408d0ea3ac94d10357fb34.jpg,640,640,Pancake,9,187,593,605
2f8b3103b6143580_jpg.rf.ba8393d846c3f88bad5e518a85f7b7be.jpg,640,640,Pancake,154,22,616,467
0abbbc68f5147405_jpg.rf.3b23a1fecf7e1b870e6cbc770763d910.jpg,640,640,Pancake,232,219,636,640
2dc67bf7f9442034_jpg.rf.0d894f2f9b8b3c8aa406f25260c8f605.jpg,640,640,Pancake,0,135,254,462
2dc67bf7f9442034_jpg.rf.0d894f2f9b8b3c8aa406f25260c8f605.jpg,640,640,Pancake,0,262,614,639
1b0601ccef6c7725_jpg.rf.02feb00bad08f98bebc916c78f92acf8.jpg,640,640,Pancake,95,199,590,386
1b0601ccef6c7725_jpg.rf.02feb00bad08f98bebc916c78f92acf8.jpg,640,640,Pancake,115,305,607,438
1b0601ccef6c7725_jpg.rf.02feb00bad08f98bebc916c78f92acf8.jpg,640,640,Pancake,139,345,613,486
220d969ded0fe4e5_jpg.rf.3741ff2fe4f2b8fe76f827a16b8bdb41.jpg,640,640,Pancake,121,154,292,315
220d969ded0fe4e5_jpg.rf.3741ff2fe4f2b8fe76f827a16b8bdb41.jpg,640,640,Pancake,404,169,559,307
32c61179d54faf3f_jpg.rf.4d8d58177480600ca4627619c646f719.jpg,640,640,Pancake,163,306,639,590
4f3888f838c2a908_jpg.rf.fa1f62532088b3c3b1e9af3a28f3db88.jpg,640,640,Pancake,29,245,640,639
4f3888f838c2a908_jpg.rf.fa1f62532088b3c3b1e9af3a28f3db88.jpg,640,640,Pancake,267,224,598,385
1cac9090eb7b78d5_jpg.rf.6fd483c37db43303da5b418ffee1d05b.jpg,640,640,Pancake,0,44,576,639
1cac9090eb7b78d5_jpg.rf.6fd483c37db43303da5b418ffee1d05b.jpg,640,640,Pancake,240,0,599,267
b77f7a52a919818c_jpg.rf.ea078a4c26b15e30b43c77b845b6611e.jpg,640,640,Pancake,194,481,387,610
b77f7a52a919818c_jpg.rf.ea078a4c26b15e30b43c77b845b6611e.jpg,640,640,Pancake,192,302,378,389
b77f7a52a919818c_jpg.rf.ea078a4c26b15e30b43c77b845b6611e.jpg,640,640,Pancake,203,385,425,492
062e84515dab1476_jpg.rf.9d6fa31639ef08baa95f233124105b3b.jpg,640,640,Pancake,1,386,102,578
062e84515dab1476_jpg.rf.9d6fa31639ef08baa95f233124105b3b.jpg,640,640,Pancake,201,360,434,480
062e84515dab1476_jpg.rf.9d6fa31639ef08baa95f233124105b3b.jpg,640,640,Pancake,530,370,640,559
183bb4f5e8dc94b5_jpg.rf.9b6ff74d03dbf9bd26f503aab9bd8576.jpg,640,640,Pancake,0,119,425,599
183bb4f5e8dc94b5_jpg.rf.9b6ff74d03dbf9bd26f503aab9bd8576.jpg,640,640,Pancake,9,147,176,279
2b876ef6a7991531_jpg.rf.91abc21d9a3125b6290a377549412bad.jpg,640,640,Pancake,186,222,533,427
2b876ef6a7991531_jpg.rf.91abc21d9a3125b6290a377549412bad.jpg,640,640,Pancake,203,113,533,312
a5857bad9a2e7841_jpg.rf.0d8f24ccb90a2a5b1463646a99263caa.jpg,640,640,Pancake,0,149,381,639
a5857bad9a2e7841_jpg.rf.0d8f24ccb90a2a5b1463646a99263caa.jpg,640,640,Pancake,8,34,424,267
91064459be4ccc49_jpg.rf.8d4ec97f0f106c1f9c7e5c6ebc669a99.jpg,640,640,Pancake,51,142,547,615
280f8e312f26181c_jpg.rf.50297e5394c13d8b36ea8ad05c68fa68.jpg,640,640,Pancake,23,263,270,483
280f8e312f26181c_jpg.rf.50297e5394c13d8b36ea8ad05c68fa68.jpg,640,640,Pancake,183,266,560,492
050550742e256687_jpg.rf.c8961ea6603626d5f7a1cb7515258b6a.jpg,640,640,Pancake,58,124,601,564
5f21fef6bb75cf30_jpg.rf.4fb628f8bd93b52b82aaa408655c0509.jpg,640,640,Pancake,113,317,407,545
9a87a65d7fda58b5_jpg.rf.a97accaee6347177547d0c9d155266f5.jpg,640,640,Pancake,101,10,383,393
611d92db319270af_jpg.rf.7f2b94ba8b954df14538c0556567907a.jpg,640,640,Pancake,248,233,535,404
0fcaca2b53d592e5_jpg.rf.5873dbef179ca984bb8e16f4bc37d90e.jpg,640,640,Pancake,82,239,271,543
0fcaca2b53d592e5_jpg.rf.5873dbef179ca984bb8e16f4bc37d90e.jpg,640,640,Pancake,209,422,519,639
0fcaca2b53d592e5_jpg.rf.5873dbef179ca984bb8e16f4bc37d90e.jpg,640,640,Pancake,241,92,380,257
0fcaca2b53d592e5_jpg.rf.5873dbef179ca984bb8e16f4bc37d90e.jpg,640,640,Pancake,422,344,640,640
0fcaca2b53d592e5_jpg.rf.5873dbef179ca984bb8e16f4bc37d90e.jpg,640,640,Pancake,534,161,640,387
16f98f94f0c82e03_jpg.rf.b787b76aa1e5f24632e1587fff988ce3.jpg,640,640,Pancake,0,564,177,639
16f98f94f0c82e03_jpg.rf.b787b76aa1e5f24632e1587fff988ce3.jpg,640,640,Pancake,37,379,253,502
16f98f94f0c82e03_jpg.rf.b787b76aa1e5f24632e1587fff988ce3.jpg,640,640,Pancake,246,103,425,383
16f98f94f0c82e03_jpg.rf.b787b76aa1e5f24632e1587fff988ce3.jpg,640,640,Pancake,249,437,554,623
c680ea65c621a2c6_jpg.rf.33b7631fa4b7378cff71ff00786e62ce.jpg,640,640,Pancake,160,460,229,503
b4e95166b3914da7_jpg.rf.efe8e0c7c8e9c7aedca7e4463503126a.jpg,640,640,Pancake,0,0,639,639
e151a2295fe1488d_jpg.rf.1ccfd6d124c2a8d70c1d7ed5062ab5e4.jpg,640,640,Pancake,0,7,171,148
e151a2295fe1488d_jpg.rf.1ccfd6d124c2a8d70c1d7ed5062ab5e4.jpg,640,640,Pancake,182,69,639,575
261d30f3d47d604b_jpg.rf.f59d224ffa5bf965f00d82da7e1b96c8.jpg,640,640,Pancake,180,72,505,339
1c070e30a888abc9_jpg.rf.33985a5ca35c924ed270254109628195.jpg,640,640,Pancake,169,210,507,444
1c070e30a888abc9_jpg.rf.33985a5ca35c924ed270254109628195.jpg,640,640,Pancake,172,302,499,476
1c070e30a888abc9_jpg.rf.33985a5ca35c924ed270254109628195.jpg,640,640,Pancake,174,0,517,340
7a9e9c2ec94364c9_jpg.rf.4181692c5d61c620c196029558c7bab4.jpg,640,640,Pancake,157,40,438,373
5c923d0387840626_jpg.rf.6863a5ed62dc56292dc483d8c1108b5a.jpg,640,640,Pancake,95,192,225,338
5c923d0387840626_jpg.rf.6863a5ed62dc56292dc483d8c1108b5a.jpg,640,640,Pancake,143,84,358,222
5c923d0387840626_jpg.rf.6863a5ed62dc56292dc483d8c1108b5a.jpg,640,640,Pancake,164,339,203,461
5c923d0387840626_jpg.rf.6863a5ed62dc56292dc483d8c1108b5a.jpg,640,640,Pancake,167,188,363,294
5c923d0387840626_jpg.rf.6863a5ed62dc56292dc483d8c1108b5a.jpg,640,640,Pancake,184,298,261,402
5c923d0387840626_jpg.rf.6863a5ed62dc56292dc483d8c1108b5a.jpg,640,640,Pancake,192,345,440,579
5c923d0387840626_jpg.rf.6863a5ed62dc56292dc483d8c1108b5a.jpg,640,640,Pancake,228,276,448,425
5c923d0387840626_jpg.rf.6863a5ed62dc56292dc483d8c1108b5a.jpg,640,640,Pancake,331,224,453,301
5c923d0387840626_jpg.rf.6863a5ed62dc56292dc483d8c1108b5a.jpg,640,640,Pancake,357,139,541,226
5c923d0387840626_jpg.rf.6863a5ed62dc56292dc483d8c1108b5a.jpg,640,640,Pancake,366,276,431,351
5c923d0387840626_jpg.rf.6863a5ed62dc56292dc483d8c1108b5a.jpg,640,640,Pancake,405,273,624,468
5c923d0387840626_jpg.rf.6863a5ed62dc56292dc483d8c1108b5a.jpg,640,640,Pancake,409,161,611,288
5c923d0387840626_jpg.rf.6863a5ed62dc56292dc483d8c1108b5a.jpg,640,640,Pancake,513,235,640,405
d6f36937815d65e7_jpg.rf.c2462e19590173ca2c47ed152565e7ce.jpg,640,640,Pancake,318,174,586,416
ee1f90912f86559e_jpg.rf.6290a0b6c491f58ea2cfe2b2718bf6db.jpg,640,640,Pancake,13,71,316,540
ee1f90912f86559e_jpg.rf.6290a0b6c491f58ea2cfe2b2718bf6db.jpg,640,640,Pancake,298,90,636,640
88cb43b022cb8ec4_jpg.rf.048e4bec58bfae186a0f92ff0c9cab30.jpg,640,640,Pancake,222,131,639,636
88cb43b022cb8ec4_jpg.rf.048e4bec58bfae186a0f92ff0c9cab30.jpg,640,640,Pancake,27,24,429,442
ddb78eb934b84abe_jpg.rf.1df88ad7db0c336678b03f4c9c667dc0.jpg,640,640,Pancake,136,408,346,613
00b7f13d430bf316_jpg.rf.fcd0efffc688d517e9f31deb93175cd8.jpg,640,640,Pancake,145,136,526,302
f08affef6198d7df_jpg.rf.18394b79808714a9c37333a0c5e5b983.jpg,640,640,Pancake,210,320,299,380
f08affef6198d7df_jpg.rf.18394b79808714a9c37333a0c5e5b983.jpg,640,640,Pancake,214,255,293,313
f08affef6198d7df_jpg.rf.18394b79808714a9c37333a0c5e5b983.jpg,640,640,Pancake,285,277,368,325
f08affef6198d7df_jpg.rf.18394b79808714a9c37333a0c5e5b983.jpg,640,640,Pancake,287,234,346,282
f08affef6198d7df_jpg.rf.18394b79808714a9c37333a0c5e5b983.jpg,640,640,Pancake,330,229,432,291
ccc2504a28b5547c_jpg.rf.2878540089de5509d842d47e579f4a2e.jpg,640,640,Pancake,210,201,492,537
453b8518ce9ad44f_jpg.rf.b42c26e3d742835638c56d4c113dcc4e.jpg,640,640,Pancake,67,259,625,384
0cc0e4a76b5cbe0a_jpg.rf.9a5195450feff7f9b8a1d0c0ebb14ce1.jpg,640,640,Pancake,193,384,420,530
80fc1336a990da13_jpg.rf.16eed8022c23966fd8d5c169db1e94bc.jpg,640,640,Pancake,73,27,571,508
725b5c59aa2f28b8_jpg.rf.b3b57ab6f9c551b6b43d06d6d990880b.jpg,640,640,Pancake,43,43,606,597
d6b510df2c334a25_jpg.rf.a6099a0a830c56843a1929824459c7ab.jpg,640,640,Pancake,284,250,640,511
d6b510df2c334a25_jpg.rf.a6099a0a830c56843a1929824459c7ab.jpg,640,640,Pancake,332,200,592,282
196a2e742f3144ee_jpg.rf.fb7dd98b07efb5ed7e70228d2fb646bd.jpg,640,640,Pancake,86,90,483,579
196a2e742f3144ee_jpg.rf.fb7dd98b07efb5ed7e70228d2fb646bd.jpg,640,640,Pancake,158,49,526,155
180fa148ac9085bd_jpg.rf.1a196fed5577f780167d111e9d67cb68.jpg,640,640,Pancake,2,118,360,471
3bb10f510d1affe5_jpg.rf.69123981d9924a8d3951af5f4f1e8766.jpg,640,640,Pancake,72,288,366,584
3bb10f510d1affe5_jpg.rf.69123981d9924a8d3951af5f4f1e8766.jpg,640,640,Pancake,72,282,372,579
3bb10f510d1affe5_jpg.rf.69123981d9924a8d3951af5f4f1e8766.jpg,640,640,Pancake,74,179,337,347
3bb10f510d1affe5_jpg.rf.69123981d9924a8d3951af5f4f1e8766.jpg,640,640,Pancake,75,180,320,347
3bb10f510d1affe5_jpg.rf.69123981d9924a8d3951af5f4f1e8766.jpg,640,640,Pancake,230,233,486,489
3bb10f510d1affe5_jpg.rf.69123981d9924a8d3951af5f4f1e8766.jpg,640,640,Pancake,231,232,484,482
cc5fb938e7d46b93_jpg.rf.8b68bd1ae774ee21a0cb079bcba7c259.jpg,640,640,Pancake,4,114,188,334
56d3abcfa8c5968d_jpg.rf.470de4718593aaecd31991efcf35b6fa.jpg,640,640,Pancake,116,80,412,401
2e9947153bca971b_jpg.rf.7c515dc93662c065fb3e4cf68a4cfcd2.jpg,640,640,Pancake,0,170,429,639
2e9947153bca971b_jpg.rf.7c515dc93662c065fb3e4cf68a4cfcd2.jpg,640,640,Pancake,145,25,527,488
0ef9dbc73cf8f57c_jpg.rf.a277f480c232e73229daa894defe297d.jpg,640,640,Pancake,0,362,166,583
0ef9dbc73cf8f57c_jpg.rf.a277f480c232e73229daa894defe297d.jpg,640,640,Pancake,0,170,197,369
0ef9dbc73cf8f57c_jpg.rf.a277f480c232e73229daa894defe297d.jpg,640,640,Pancake,19,549,285,639
0ef9dbc73cf8f57c_jpg.rf.a277f480c232e73229daa894defe297d.jpg,640,640,Pancake,22,4,208,171
0ef9dbc73cf8f57c_jpg.rf.a277f480c232e73229daa894defe297d.jpg,640,640,Pancake,168,360,385,594
0ef9dbc73cf8f57c_jpg.rf.a277f480c232e73229daa894defe297d.jpg,640,640,Pancake,206,175,394,366
0ef9dbc73cf8f57c_jpg.rf.a277f480c232e73229daa894defe297d.jpg,640,640,Pancake,216,0,403,176
0ef9dbc73cf8f57c_jpg.rf.a277f480c232e73229daa894defe297d.jpg,640,640,Pancake,382,389,612,603
0ef9dbc73cf8f57c_jpg.rf.a277f480c232e73229daa894defe297d.jpg,640,640,Pancake,393,179,621,396
0ef9dbc73cf8f57c_jpg.rf.a277f480c232e73229daa894defe297d.jpg,640,640,Pancake,399,0,606,188
0ef9dbc73cf8f57c_jpg.rf.a277f480c232e73229daa894defe297d.jpg,640,640,Pancake,605,397,639,550
0ef9dbc73cf8f57c_jpg.rf.a277f480c232e73229daa894defe297d.jpg,640,640,Pancake,612,39,639,175
0ef9dbc73cf8f57c_jpg.rf.a277f480c232e73229daa894defe297d.jpg,640,640,Pancake,619,221,639,348
2ac1bda496c4e611_jpg.rf.40b5fa0d4420d5dd5f2545d32ad08644.jpg,640,640,Pancake,178,217,442,352
2ac1bda496c4e611_jpg.rf.40b5fa0d4420d5dd5f2545d32ad08644.jpg,640,640,Pancake,203,284,512,448
2ac1bda496c4e611_jpg.rf.40b5fa0d4420d5dd5f2545d32ad08644.jpg,640,640,Pancake,235,354,517,494
6563e558a70b2727_jpg.rf.5c7326bc27ec9db5d55a96ca9dfe63b7.jpg,640,640,Pancake,35,259,398,605
6563e558a70b2727_jpg.rf.5c7326bc27ec9db5d55a96ca9dfe63b7.jpg,640,640,Pancake,0,433,76,588
3c4d1f1a62153a38_jpg.rf.5b6b921b1070ce14e2112e09750e743d.jpg,640,640,Pancake,287,255,635,379
6350fe018ca187f7_jpg.rf.0cf13a1f1710ff0d81c8c5da6ec29241.jpg,640,640,Pancake,210,132,423,447
9293f01b69d4e43e_jpg.rf.e85e3586153408553b8e39da30fb2d9f.jpg,640,640,Pancake,0,0,639,639
e9c0757dd6df4c61_jpg.rf.52e56e619b9ef0b3ab31b1cbd8259598.jpg,640,640,Pancake,82,274,352,639
e9c0757dd6df4c61_jpg.rf.52e56e619b9ef0b3ab31b1cbd8259598.jpg,640,640,Pancake,101,0,335,255
e9c0757dd6df4c61_jpg.rf.52e56e619b9ef0b3ab31b1cbd8259598.jpg,640,640,Pancake,330,93,589,496
367de35822733679_jpg.rf.494227beac79f60cf4845b509dd8c925.jpg,640,640,Pancake,378,266,571,584
373c7c9210ac14de_jpg.rf.5319472864d9ec37791d5bfc4ba1cfc6.jpg,640,640,Pancake,0,162,493,377
1f761e7db3a4f34b_jpg.rf.f09d901e4c72954925fef673261aa690.jpg,640,640,Pancake,168,133,523,587
07f26d46978c02b0_jpg.rf.bc6f4f108374ec29862d23d8584c4660.jpg,640,640,Pancake,282,255,456,476
07f26d46978c02b0_jpg.rf.bc6f4f108374ec29862d23d8584c4660.jpg,640,640,Pancake,285,224,640,566
07f26d46978c02b0_jpg.rf.bc6f4f108374ec29862d23d8584c4660.jpg,640,640,Pancake,328,408,575,565
07f26d46978c02b0_jpg.rf.bc6f4f108374ec29862d23d8584c4660.jpg,640,640,Pancake,381,131,605,376
07f26d46978c02b0_jpg.rf.bc6f4f108374ec29862d23d8584c4660.jpg,640,640,Pancake,384,330,592,457
07f26d46978c02b0_jpg.rf.bc6f4f108374ec29862d23d8584c4660.jpg,640,640,Pancake,396,82,640,205
07f26d46978c02b0_jpg.rf.bc6f4f108374ec29862d23d8584c4660.jpg,640,640,Pancake,539,252,640,403
3a07c34c83f29e37_jpg.rf.b8aef6d91c7283ede02f44e9d7333e8d.jpg,640,640,Pancake,195,0,576,259
3a07c34c83f29e37_jpg.rf.b8aef6d91c7283ede02f44e9d7333e8d.jpg,640,640,Pancake,291,0,640,381
3a07c34c83f29e37_jpg.rf.b8aef6d91c7283ede02f44e9d7333e8d.jpg,640,640,Pancake,359,308,640,585
9e710474d6fb07e4_jpg.rf.c8f7663af1bcf0731353e947bd877e54.jpg,640,640,Pancake,130,252,367,442
3fa567757a76e1b2_jpg.rf.e37d9dfdf2106c22fa0d8b09ff271ea7.jpg,640,640,Pancake,59,31,588,575
d062cc29c0ddf835_jpg.rf.1e0fcb5356d862195c8de06b41df0144.jpg,640,640,Pancake,0,24,520,617
2a35ecc19cbe5ac9_jpg.rf.f451d623f5d17cc0edbc99da57885a66.jpg,640,640,Pancake,108,336,313,565
2a35ecc19cbe5ac9_jpg.rf.f451d623f5d17cc0edbc99da57885a66.jpg,640,640,Pancake,182,206,432,429
2a35ecc19cbe5ac9_jpg.rf.f451d623f5d17cc0edbc99da57885a66.jpg,640,640,Pancake,252,291,515,556
4a2a84bbb9c3fe77_jpg.rf.81c9c10ae44577d1fa1d2e09599f83b1.jpg,640,640,Pancake,133,115,515,508
74b55aaed7455dba_jpg.rf.bde7ccf3af4f57f2d5ccf23f61858150.jpg,640,640,Pancake,0,0,225,493
74b55aaed7455dba_jpg.rf.bde7ccf3af4f57f2d5ccf23f61858150.jpg,640,640,Pancake,0,178,640,640
74b55aaed7455dba_jpg.rf.bde7ccf3af4f57f2d5ccf23f61858150.jpg,640,640,Pancake,217,0,490,171
74b55aaed7455dba_jpg.rf.bde7ccf3af4f57f2d5ccf23f61858150.jpg,640,640,Pancake,473,0,639,469
68982fbf1571db1e_jpg.rf.5011c2909e4364227025215c7f2d2887.jpg,640,640,Pancake,359,209,516,319
601e9f1a4c45e5e5_jpg.rf.8fd94820b4644f3d6c8a90dcd8df2854.jpg,640,640,Pancake,354,10,520,124
601e9f1a4c45e5e5_jpg.rf.8fd94820b4644f3d6c8a90dcd8df2854.jpg,640,640,Pancake,11,114,214,289
601e9f1a4c45e5e5_jpg.rf.8fd94820b4644f3d6c8a90dcd8df2854.jpg,640,640,Pancake,64,294,324,563
601e9f1a4c45e5e5_jpg.rf.8fd94820b4644f3d6c8a90dcd8df2854.jpg,640,640,Pancake,163,0,330,126
601e9f1a4c45e5e5_jpg.rf.8fd94820b4644f3d6c8a90dcd8df2854.jpg,640,640,Pancake,241,111,441,301
601e9f1a4c45e5e5_jpg.rf.8fd94820b4644f3d6c8a90dcd8df2854.jpg,640,640,Pancake,342,272,614,577
bda309809ab91ba8_jpg.rf.1236fa2ec6d7e124c315365858bd1cf3.jpg,640,640,Pancake,17,505,234,630
a86b5e2eee586b37_jpg.rf.687b72b4856f1c7e735d31f1eebb559f.jpg,640,640,Pancake,168,275,516,637
22acf493cfc4eb8a_jpg.rf.083d89ffae77dbe6eb6ef710a3e4ff32.jpg,640,640,Pancake,1,244,267,568
22acf493cfc4eb8a_jpg.rf.083d89ffae77dbe6eb6ef710a3e4ff32.jpg,640,640,Pancake,190,208,498,640
22acf493cfc4eb8a_jpg.rf.083d89ffae77dbe6eb6ef710a3e4ff32.jpg,640,640,Pancake,292,155,586,297
22acf493cfc4eb8a_jpg.rf.083d89ffae77dbe6eb6ef710a3e4ff32.jpg,640,640,Pancake,416,295,640,639
23375f1c6f222308_jpg.rf.1c62309e463b392b70d916f8a8c17b2a.jpg,640,640,Pancake,44,214,632,516
ebb6812909484308_jpg.rf.7c4a747ab3c02a5301e73ff1f33a620f.jpg,640,640,Pancake,205,87,507,297
50a92e000b826f6a_jpg.rf.322ccdf7c053fe3d97e0fe384b65dcbf.jpg,640,640,Pancake,212,220,476,364
5fc56d2fcb9abe96_jpg.rf.88ce5fd994471c79f143041b70444cb7.jpg,640,640,Pancake,186,234,376,405
5fc56d2fcb9abe96_jpg.rf.88ce5fd994471c79f143041b70444cb7.jpg,640,640,Pancake,338,301,583,514
fc061b726fdeb154_jpg.rf.f986d89adc2661cb96741ad65c6265a6.jpg,640,640,Pancake,369,98,568,284
b891a35736a77677_jpg.rf.46d3f16e413744d17a502885fe4cc77f.jpg,640,640,Pancake,371,287,588,587
3c2a2b387c298a3a_jpg.rf.9b646780d95f6a353e27dcdf61b31257.jpg,640,640,Pancake,11,171,164,312
3c2a2b387c298a3a_jpg.rf.9b646780d95f6a353e27dcdf61b31257.jpg,640,640,Pancake,85,157,323,311
c8059f324d20974b_jpg.rf.7aa209b3551aada94868652baff550c3.jpg,640,640,Pancake,0,139,616,606
1e9c208feb636f76_jpg.rf.77647e639af281edd2e01042bf2eb737.jpg,640,640,Pancake,168,0,640,369
6384f3d9e6164e77_jpg.rf.f2643fc6b7b9023c5521de207617819c.jpg,640,640,Pancake,202,308,497,445
5f5e352b5f6a6583_jpg.rf.51fc0e320701e6f17c178659d18b6337.jpg,640,640,Pancake,68,143,477,603
07a24f22708c8ea9_jpg.rf.46020ba8a4e86f1b0dd334e7083a19de.jpg,640,640,Pancake,147,144,397,272
07a24f22708c8ea9_jpg.rf.46020ba8a4e86f1b0dd334e7083a19de.jpg,640,640,Pancake,0,0,639,366
07a24f22708c8ea9_jpg.rf.46020ba8a4e86f1b0dd334e7083a19de.jpg,640,640,Pancake,0,315,639,639
07a24f22708c8ea9_jpg.rf.46020ba8a4e86f1b0dd334e7083a19de.jpg,640,640,Pancake,153,282,431,472
2e36cccfffa478b2_jpg.rf.9d604bf1a985bd35d1837834ee32b032.jpg,640,640,Pancake,116,202,487,605
240576ed3d3ac633_jpg.rf.875fef794348342912924350ed358566.jpg,640,640,Pancake,0,0,546,506
17a5b271b627e729_jpg.rf.e846199a5417b40f3fc57b19fcc39c91.jpg,640,640,Pancake,49,82,548,416
17a5b271b627e729_jpg.rf.e846199a5417b40f3fc57b19fcc39c91.jpg,640,640,Pancake,63,335,578,546
17a5b271b627e729_jpg.rf.e846199a5417b40f3fc57b19fcc39c91.jpg,640,640,Pancake,72,307,585,506
17a5b271b627e729_jpg.rf.e846199a5417b40f3fc57b19fcc39c91.jpg,640,640,Pancake,232,196,567,435
17a5b271b627e729_jpg.rf.e846199a5417b40f3fc57b19fcc39c91.jpg,640,640,Pancake,299,269,564,444
76a1892f4d1fdfeb_jpg.rf.4b6e333499463b0bb447851eae5c0715.jpg,640,640,Pancake,82,225,542,612
152c6c8b708b526b_jpg.rf.9600a25c2bb61e5c47799329fe4506ba.jpg,640,640,Pancake,97,136,510,616
152c6c8b708b526b_jpg.rf.9600a25c2bb61e5c47799329fe4506ba.jpg,640,640,Pancake,126,45,488,306
6f46ba0b714c94bb_jpg.rf.863e4035e5fb3752aee4f3a85fedb55b.jpg,640,640,Pancake,0,202,636,395
6f46ba0b714c94bb_jpg.rf.863e4035e5fb3752aee4f3a85fedb55b.jpg,640,640,Pancake,8,355,635,575
f9d5db03ddc3be6a_jpg.rf.f0f52e6fcc73096f9f12373b2f46f966.jpg,640,640,Pancake,34,56,608,572
2c5f206f9ec6077e_jpg.rf.2bf72b4ac3b17eda4c14d76748984308.jpg,640,640,Pancake,0,234,124,357
2c5f206f9ec6077e_jpg.rf.2bf72b4ac3b17eda4c14d76748984308.jpg,640,640,Pancake,0,0,407,310
2c5f206f9ec6077e_jpg.rf.2bf72b4ac3b17eda4c14d76748984308.jpg,640,640,Pancake,64,199,639,639
2c5f206f9ec6077e_jpg.rf.2bf72b4ac3b17eda4c14d76748984308.jpg,640,640,Pancake,364,0,639,278
017107b63d063d64_jpg.rf.17688fece7e23250b54763f6e74bf345.jpg,640,640,Pancake,0,443,134,639
017107b63d063d64_jpg.rf.17688fece7e23250b54763f6e74bf345.jpg,640,640,Pancake,164,425,476,565
017107b63d063d64_jpg.rf.17688fece7e23250b54763f6e74bf345.jpg,640,640,Pancake,502,406,640,617
4f62c56d9941122e_jpg.rf.10ad7fb572c91994c4d61114c1e92844.jpg,640,640,Pancake,137,67,542,569
c05f45f86d0771d5_jpg.rf.5564537b8d68c932fc5bdfd0f458f564.jpg,640,640,Pancake,123,130,525,519
c453a72b7cdbb667_jpg.rf.3564a7c934fd8a48d57ece0e75d69f26.jpg,640,640,Pancake,91,452,570,640
3f71e28fb0a469ed_jpg.rf.10c51021c11fc89c53d7524c6974c8a9.jpg,640,640,Pancake,172,66,584,443
b20fb48fb6b8c928_jpg.rf.9f8a88622b9693bb28f7eacb5f019649.jpg,640,640,Pancake,111,344,631,514
b20fb48fb6b8c928_jpg.rf.9f8a88622b9693bb28f7eacb5f019649.jpg,640,640,Pancake,146,257,623,433
bc06bf623823fecb_jpg.rf.7b7ae83fe1bb1f46f63c9d4f4546c27d.jpg,640,640,Pancake,85,136,584,423